<?xml version="1.0" encoding="UTF-8"?>
<!DOCTYPE mapper PUBLIC "-//mybatis.org//DTD Mapper 3.0//EN" "http://mybatis.org/dtd/mybatis-3-mapper.dtd">
<mapper namespace="com.example.mapper.CharacterMapper">
	 <select id="list" resultType="com.example.domain.CharacterVO">
	 	select * from character_table
 	 </select>
 	 
 	  <select id="listg1" resultType="com.example.domain.CharacterVO">
	 	select * from character_table where character_grade = 1
 	 </select>
 	 
 	 <insert id="insert">
 	 insert into character_table(character_name,character_image,character_grade) 
 	 value(#{character_name},#{character_image},#{character_grade}) 
 	 </insert>
 	 
 	 <select id="read" resultType="com.example.domain.CharacterVO">
		select * from character_table where character_code=#{character_code}
	</select>
	
	<update id="update">
	 update character_table set 
	 character_name=#{character_name} , character_image=#{character_image},character_grade=#{character_grade} 
	 where character_code=#{character_code}
	</update>
	
	 <delete id="delete">
	 	delete from character_table
	 	where character_code=#{character_code}
	 </delete>
	 <select id="userchar" resultType="hashmap">
	 select * from user_grade_char where user_id = #{user_id}
	 </select>
</mapper>